Floor,Building,"Owner Association",Description,"Property Number","Property Type"
,1,1,,1005,UNIT
,1,1,,204,UNIT
,1,1,,206,UNIT
,1,1,,208,UNIT
,1,1,,408,UNIT
,1,1,,B-40,NA
,1,1,,1002,UNIT
,1,1,,1006,UNIT
,1,1,,405,UNIT
,1,1,,806,UNIT
,1,1,,808,UNIT
,1,1,,R04,UNIT
,1,1,,B-39,NA
,1,1,,G-15,NA
,1,1,,P-08,NA
,1,1,,1001,UNIT
,1,1,,209,UNIT
,1,1,,210,UNIT
,1,1,,605,UNIT
,1,1,,607,UNIT
,1,1,,610,UNIT
,1,1,,201,UNIT
,1,1,,B-43,NA
,1,1,,1003,UNIT
,1,1,,202,UNIT
,1,1,,609,UNIT
,1,1,,807,UNIT
,1,1,,810,UNIT
,1,1,,R01,UNIT
,1,1,,203,UNIT
,1,1,,205,UNIT
,1,1,,406,UNIT
,1,1,,410,UNIT
,1,1,,603,UNIT
,1,1,,604,UNIT
,1,1,,608,UNIT
,1,1,,B-11,NA
,1,1,,1004,UNIT
,1,1,,402,UNIT
,1,1,,404,UNIT
,1,1,,606,UNIT
,1,1,,801,UNIT
,1,1,,805,UNIT
,1,1,,B-42,NA
,1,1,,G-16,NA
,1,1,,401,UNIT
,1,1,,407,UNIT
,1,1,,601,UNIT
,1,1,,802,UNIT
,1,1,,803,UNIT
,1,1,,B-41,NA
,1,1,,207,UNIT
,1,1,,403,UNIT
,1,1,,409,UNIT
,1,1,,602,UNIT
,1,1,,804,UNIT
,1,1,,809,UNIT
,1,1,,R02,UNIT
,1,1,,B-38,NA
,2,1,,104,UNIT
,2,1,,103,UNIT
,2,1,,G03,UNIT
,2,1,,102,UNIT
,2,1,,G03,UNIT
,2,1,,G02,UNIT
,2,1,,G03,UNIT
,2,1,,G04,UNIT
,2,1,,101,UNIT
,2,1,,102,UNIT
,2,1,,G03,UNIT
,2,1,,G04,UNIT
,2,1,,101,UNIT
,2,1,,103,UNIT
,2,1,,102,UNIT
,2,1,,G01,UNIT
,2,1,,G02,UNIT
,2,1,,103,UNIT
,2,1,,101,UNIT
,2,1,,104,UNIT
,2,1,,G02,UNIT
,2,1,,G02,UNIT
,2,1,,G01,UNIT
,2,1,,G04,UNIT
,2,1,,103,UNIT
,2,1,,G01,UNIT
,2,1,,101,UNIT
,2,1,,102,UNIT
,2,1,,104,UNIT
,2,1,,G01,UNIT
,2,1,,104,UNIT
,2,1,,G04,UNIT
,3,1,,104,UNIT
,3,1,,106,UNIT
,3,1,,116,UNIT
,3,1,,12,UNIT
,3,1,,201,UNIT
,3,1,,219,UNIT
,3,1,,309,UNIT
,3,1,,311,UNIT
,3,1,,101,UNIT
,3,1,,107,UNIT
,3,1,,108,UNIT
,3,1,,11,UNIT
,3,1,,110,UNIT
,3,1,,111,UNIT
,3,1,,117,UNIT
,3,1,,204,UNIT
,3,1,,205,UNIT
,3,1,,206,UNIT
,3,1,,218,UNIT
,3,1,,305,UNIT
,3,1,,308,UNIT
,3,1,,310,UNIT
,3,1,,317,UNIT
,3,1,,GYM,UNIT
,3,1,,112,UNIT
,3,1,,114,UNIT
,3,1,,208,UNIT
,3,1,,212,UNIT
,3,1,,215,UNIT
,3,1,,301,UNIT
,3,1,,4,UNIT
,3,1,,5,UNIT
,3,1,,1,UNIT
,3,1,,102,UNIT
,3,1,,105,UNIT
,3,1,,13,UNIT
,3,1,,15,UNIT
,3,1,,207,UNIT
,3,1,,312,UNIT
,3,1,,318,UNIT
,3,1,,7,UNIT
,3,1,,9,UNIT
,3,1,,103,UNIT
,3,1,,14,UNIT
,3,1,,17,UNIT
,3,1,,203,UNIT
,3,1,,209,UNIT
,3,1,,210,UNIT
,3,1,,211,UNIT
,3,1,,314,UNIT
,3,1,,8,UNIT
,3,1,,306,UNIT
,3,1,,307,UNIT
,3,1,,313,UNIT
,3,1,,315,UNIT
,3,1,,316,UNIT
,3,1,,10,UNIT
,3,1,,109,UNIT
,3,1,,115,UNIT
,3,1,,16,UNIT
,3,1,,213,UNIT
,3,1,,216,UNIT
,3,1,,217,UNIT
,3,1,,302,UNIT
,3,1,,303,UNIT
,3,1,,6,UNIT
,3,1,,113,UNIT
,3,1,,2,UNIT
,3,1,,202,UNIT
,3,1,,214,UNIT
,3,1,,3,UNIT
,3,1,,304,UNIT
,3,1,,319,UNIT
,4,1,,"VILLA 1",BUILDING
,4,1,,"VILLA 14",BUILDING
,4,1,,"VILLA 7",BUILDING
,4,1,,"VILLA 6",BUILDING
,4,1,,"VILLA 11",BUILDING
,4,1,,"VILLA 8",BUILDING
,4,1,,"VILLA 3",BUILDING
,4,1,,"VILLA 2",BUILDING
,4,1,,"VILLA 13",BUILDING
,4,1,,"VILLA 12",BUILDING
,4,1,,"VILLA 5",BUILDING
,4,1,,"VILLA 4",BUILDING
,4,1,,"VILLA 10",BUILDING
,4,1,,"VILLA 9",BUILDING
,5,1,,209,UNIT
,5,1,,301,UNIT
,5,1,,605,UNIT
,5,1,,901,UNIT
,5,1,,101,UNIT
,5,1,,406,UNIT
,5,1,,502,UNIT
,5,1,,508,UNIT
,5,1,,303,UNIT
,5,1,,703,UNIT
,5,1,,708,UNIT
,5,1,,802,UNIT
,5,1,,803,UNIT
,5,1,,903,UNIT
,5,1,,907,UNIT
,5,1,,909,UNIT
,5,1,,1002,UNIT
,5,1,,401,UNIT
,5,1,,404,UNIT
,5,1,,607,UNIT
,5,1,,204,UNIT
,5,1,,806,UNIT
,5,1,,902,UNIT
,5,1,,908,UNIT
,5,1,,409,UNIT
,5,1,,602,UNIT
,5,1,,1003,UNIT
,5,1,,1005,UNIT
,5,1,,306,UNIT
,5,1,,309,UNIT
,5,1,,403,UNIT
,5,1,,704,UNIT
,5,1,,801,UNIT
,5,1,,805,UNIT
,5,1,,808,UNIT
,5,1,,905,UNIT
,5,1,,906,UNIT
,5,1,,103,UNIT
,5,1,,104,UNIT
,5,1,,506,UNIT
,5,1,,603,UNIT
,5,1,,608,UNIT
,5,1,,701,UNIT
,5,1,,705,UNIT
,5,1,,706,UNIT
,5,1,,203,UNIT
,5,1,,205,UNIT
,5,1,,807,UNIT
,5,1,,809,UNIT
,5,1,,504,UNIT
,5,1,,507,UNIT
,5,1,,604,UNIT
,5,1,,1004,UNIT
,5,1,,308,UNIT
,5,1,,707,UNIT
,5,1,,709,UNIT
,5,1,,108,UNIT
,5,1,,109,UNIT
,5,1,,202,UNIT
,5,1,,804,UNIT
,5,1,,102,UNIT
,5,1,,405,UNIT
,5,1,,407,UNIT
,5,1,,408,UNIT
,5,1,,302,UNIT
,5,1,,702,UNIT
,5,1,,106,UNIT
,5,1,,207,UNIT
,5,1,,105,UNIT
,5,1,,509,UNIT
,5,1,,304,UNIT
,5,1,,305,UNIT
,5,1,,307,UNIT
,5,1,,402,UNIT
,5,1,,606,UNIT
,5,1,,609,UNIT
,5,1,,107,UNIT
,5,1,,201,UNIT
,5,1,,206,UNIT
,5,1,,208,UNIT
,5,1,,904,UNIT
,5,1,,501,UNIT
,5,1,,503,UNIT
,5,1,,505,UNIT
,5,1,,601,UNIT
,5,1,,1001A,UNIT
,6,1,,B1-66,UNIT
,6,1,,B4-195,NA
,6,1,,P1-119,UNIT
,6,1,,P1-36,UNIT
,6,1,,P1-60,UNIT
,6,1,,P2-85,NA
,6,1,,B1-172,UNIT
,6,1,,P1-91,UNIT
,6,1,,B1-120,UNIT
,6,1,,B1-145,UNIT
,6,1,,B1-153,UNIT
,6,1,,P1-86,UNIT
,6,1,,P2-114,UNIT
,6,1,,B1-77,UNIT
,6,1,,P1-45,UNIT
,6,1,,P1-48,UNIT
,6,1,,P1-55,UNIT
,6,1,,B1-139,UNIT
,6,1,,B1-173,UNIT
,6,1,,P1-51,UNIT
,6,1,,P1-43,UNIT
,6,1,,B1-128,UNIT
,6,1,,B4-134,NA
,6,1,,P1-68,UNIT
,6,1,,P2-103,NA
,6,1,,10F-A-05,UNIT
,6,1,,11F-A-05,UNIT
,6,1,,11F-A-06,UNIT
,6,1,,12F-A-01,UNIT
,6,1,,13F-A-02,UNIT
,6,1,,13F-A-04,UNIT
,6,1,,1F-A-01,UNIT
,6,1,,2F-A-01,UNIT
,6,1,,2F-A-06,UNIT
,6,1,,3F-A-02,UNIT
,6,1,,5F-A-04,UNIT
,6,1,,8F-A-02,UNIT
,6,1,,8F-A-06,UNIT
,6,1,,11F-B-01,UNIT
,6,1,,11F-B-06,UNIT
,6,1,,14F-B-05,UNIT
,6,1,,15F-B-01,UNIT
,6,1,,2F-B-04,UNIT
,6,1,,3F-B-01,UNIT
,6,1,,4F-B-04,UNIT
,6,1,,4F-B-05,UNIT
,6,1,,5F-B-01,UNIT
,6,1,,6F-B-03,UNIT
,6,1,,8F-B-02,UNIT
,6,1,,8F-B-05,UNIT
,6,1,,B1-6,UNIT
,6,1,,B2-152,NA
,6,1,,P1-49,UNIT
,6,1,,B2-171,NA
,6,1,,P1-112,UNIT
,6,1,,P1-63,UNIT
,6,1,,P1-92,UNIT
,6,1,,P1-61,UNIT
,6,1,,P1-115,NA
,6,1,,B4-174,NA
,6,1,,P1-67,UNIT
,6,1,,P1-95,UNIT
,6,1,,P2-111,UNIT
,6,1,,B1-67,UNIT
,6,1,,B1-136,UNIT
,6,1,,P1-62,UNIT
,6,1,,B1-143,UNIT
,6,1,,B1-168,UNIT
,6,1,,15F-A-05,UNIT
,6,1,,16F-A-06,UNIT
,6,1,,2F-A-02,UNIT
,6,1,,3F-A-01,UNIT
,6,1,,3F-A-03,UNIT
,6,1,,3F-A-04,UNIT
,6,1,,4F-A-01,UNIT
,6,1,,4F-A-04,UNIT
,6,1,,8F-A-03,UNIT
,6,1,,9F-A-03,UNIT
,6,1,,GF-R6,UNIT
,6,1,,P3-A-08,UNIT
,6,1,,P3-B-03,UNIT
,6,1,,12F-B-04,UNIT
,6,1,,12F-B-06,UNIT
,6,1,,13F-B-02,UNIT
,6,1,,16F-B-01,UNIT
,6,1,,16F-B-05,UNIT
,6,1,,1F-B-01,UNIT
,6,1,,1F-B-R1,UNIT
,6,1,,2F-B-02,UNIT
,6,1,,2F-B-03,UNIT
,6,1,,4F-B-03,UNIT
,6,1,,6F-B-04,UNIT
,6,1,,7F-B-04,UNIT
,6,1,,8F-B-04,UNIT
,6,1,,9F-B-01,UNIT
,6,1,,9F-B-04,UNIT
,6,1,,B1-144,UNIT
,6,1,,B1-155,UNIT
,6,1,,P1-42,UNIT
,6,1,,P1-57,UNIT
,6,1,,P1-66,UNIT
,6,1,,B1-68,UNIT
,6,1,,P1-97,UNIT
,6,1,,B1-148,UNIT
,6,1,,P1-44,UNIT
,6,1,,P1-47,UNIT
,6,1,,P2-116,NA
,6,1,,B1-118,UNIT
,6,1,,B4-194,NA
,6,1,,P2-112,UNIT
,6,1,,B1-4,UNIT
,6,1,,P1-50,UNIT
,6,1,,P1-110,UNIT
,6,1,,P1-111,UNIT
,6,1,,11F-A-01,UNIT
,6,1,,11F-A-04,UNIT
,6,1,,13F-A-01,UNIT
,6,1,,14F-A-01,UNIT
,6,1,,14F-A-02,UNIT
,6,1,,16F-A-05,UNIT
,6,1,,1F-A-R1,UNIT
,6,1,,5F-A-01,UNIT
,6,1,,8F-A-04,UNIT
,6,1,,9F-A-04,UNIT
,6,1,,GF-R10A,UNIT
,6,1,,GF-R7,UNIT
,6,1,,P3-B-02,UNIT
,6,1,,11F-B-03,UNIT
,6,1,,11F-B-05,UNIT
,6,1,,13F-B-03,UNIT
,6,1,,15F-B-03,UNIT
,6,1,,16F-B-03,UNIT
,6,1,,1F-B-02,UNIT
,6,1,,2F-B-05,UNIT
,6,1,,4F-B-06,UNIT
,6,1,,5F-B-06,UNIT
,6,1,,8F-B-03,UNIT
,6,1,,P1-124,UNIT
,6,1,,B1-127,UNIT
,6,1,,B1-156,UNIT
,6,1,,P1-87,UNIT
,6,1,,B1-129,UNIT
,6,1,,B1-135,UNIT
,6,1,,B1-138,UNIT
,6,1,,B1-114,UNIT
,6,1,,B1-116,UNIT
,6,1,,B1-119,UNIT
,6,1,,B1-147,UNIT
,6,1,,B2-204,UNIT
,6,1,,P1-122,UNIT
,6,1,,B1-112,UNIT
,6,1,,B1-134,UNIT
,6,1,,B1-158,NA
,6,1,,B3-135,NA
,6,1,,P1-84,UNIT
,6,1,,P1-118,UNIT
,6,1,,10F-A-02,UNIT
,6,1,,16F-A-03,UNIT
,6,1,,1F-A-02,UNIT
,6,1,,2F-A-03,UNIT
,6,1,,2F-A-05,UNIT
,6,1,,3F-A-05,UNIT
,6,1,,4F-A-06,UNIT
,6,1,,5F-A-02,UNIT
,6,1,,7F-A-01,UNIT
,6,1,,7F-A-06,UNIT
,6,1,,8F-A-01,UNIT
,6,1,,8F-A-05,UNIT
,6,1,,9F-A-05,UNIT
,6,1,,GF-R1,UNIT
,6,1,,GF-R12,UNIT
,6,1,,GF-R14,UNIT
,6,1,,GF-R4,UNIT
,6,1,,P3-A-03,UNIT
,6,1,,P3-A-04,UNIT
,6,1,,P3-A-09,UNIT
,6,1,,P3-B-01,UNIT
,6,1,,P3-B-04,UNIT
,6,1,,12F-B-02,UNIT
,6,1,,12F-B-05,UNIT
,6,1,,13F-B-01,UNIT
,6,1,,13F-B-06,UNIT
,6,1,,14F-B-01,UNIT
,6,1,,14F-B-04,UNIT
,6,1,,2F-B-06,UNIT
,6,1,,3F-B-02,UNIT
,6,1,,3F-B-05,UNIT
,6,1,,5F-B-02,UNIT
,6,1,,6F-B-02,UNIT
,6,1,,7F-B-06,UNIT
,6,1,,8F-B-01,UNIT
,6,1,,B1-124,UNIT
,6,1,,B2-113,UNIT
,6,1,,B1-154,UNIT
,6,1,,B3-179,NA
,6,1,,B3-180,NA
,6,1,,B1-111,UNIT
,6,1,,B1-115,UNIT
,6,1,,B1-137,UNIT
,6,1,,P1-37,UNIT
,6,1,,P1-94,UNIT
,6,1,,B1-2,UNIT
,6,1,,B1-29,NA
,6,1,,B1-140,UNIT
,6,1,,P1-121,UNIT
,6,1,,B1-3,UNIT
,6,1,,B4-126,NA
,6,1,,P2-113,UNIT
,6,1,,B1-170,UNIT
,6,1,,B2-111,UNIT
,6,1,,B2-180,NA
,6,1,,B1-141,UNIT
,6,1,,B1-166,UNIT
,6,1,,P2-118,NA
,6,1,,10F-A-03,UNIT
,6,1,,12F-A-03,UNIT
,6,1,,13F-A-03,UNIT
,6,1,,14F-A-06,UNIT
,6,1,,15F-A-01,UNIT
,6,1,,15F-A-02,UNIT
,6,1,,15F-A-03,UNIT
,6,1,,15F-A-06,UNIT
,6,1,,2F-A-04,UNIT
,6,1,,6F-A-05,UNIT
,6,1,,7F-A-03,UNIT
,6,1,,7F-A-05,UNIT
,6,1,,9F-A-06,UNIT
,6,1,,GF-R10,UNIT
,6,1,,GF-R11,UNIT
,6,1,,GF-R2,UNIT
,6,1,,P3-A-02,UNIT
,6,1,,P3-A-05,UNIT
,6,1,,P3-B-05,UNIT
,6,1,,11F-B-02,UNIT
,6,1,,13F-B-04,UNIT
,6,1,,14F-B-03,UNIT
,6,1,,14F-B-06,UNIT
,6,1,,15F-B-04,UNIT
,6,1,,16F-B-04,UNIT
,6,1,,1F-B-03,UNIT
,6,1,,5F-B-03,UNIT
,6,1,,6F-B-06,UNIT
,6,1,,7F-B-03,UNIT
,6,1,,9F-B-03,UNIT
,6,1,,10F-B-01,UNIT
,6,1,,P1-41,UNIT
,6,1,,P1-58,UNIT
,6,1,,P1-82,UNIT
,6,1,,P1-117,UNIT
,6,1,,B1-76,UNIT
,6,1,,B1-157,NA
,6,1,,B2-135,NA
,6,1,,P1-38,UNIT
,6,1,,P1-46,UNIT
,6,1,,P1-59,UNIT
,6,1,,P1-123,UNIT
,6,1,,P1-85,NA
,6,1,,B2-110,UNIT
,6,1,,P1-116,UNIT
,6,1,,B1-109,UNIT
,6,1,,B2-126,NA
,6,1,,B2-181,NA
,6,1,,P1-40,UNIT
,6,1,,P1-64,UNIT
,6,1,,B1-113,UNIT
,6,1,,B1-131,UNIT
,6,1,,B3-126,NA
,6,1,,P1-65,UNIT
,6,1,,P1-125,UNIT
,6,1,,B1-1,UNIT
,6,1,,B1-123,UNIT
,6,1,,10F-A-04,UNIT
,6,1,,11F-A-03,UNIT
,6,1,,12F-A-02,UNIT
,6,1,,12F-A-04,UNIT
,6,1,,12F-A-05,UNIT
,6,1,,14F-A-04,UNIT
,6,1,,14F-A-05,UNIT
,6,1,,16F-A-04,UNIT
,6,1,,1F-A-03,UNIT
,6,1,,3F-A-06,UNIT
,6,1,,6F-A-01,UNIT
,6,1,,6F-A-02,UNIT
,6,1,,6F-A-06,UNIT
,6,1,,GF-R8,UNIT
,6,1,,P3-B-07,UNIT
,6,1,,P3-B-09,UNIT
,6,1,,10F-B-02,UNIT
,6,1,,10F-B-03,UNIT
,6,1,,10F-B-04,UNIT
,6,1,,10F-B-06,UNIT
,6,1,,11F-B-04,UNIT
,6,1,,12F-B-01,UNIT
,6,1,,12F-B-03,UNIT
,6,1,,13F-B-05,UNIT
,6,1,,15F-B-02,UNIT
,6,1,,16F-B-02,UNIT
,6,1,,16F-B-06,UNIT
,6,1,,2F-B-01,UNIT
,6,1,,3F-B-06,UNIT
,6,1,,6F-B-01,UNIT
,6,1,,7F-B-05,UNIT
,6,1,,9F-B-02,UNIT
,6,1,,9F-B-05,UNIT
,6,1,,B1-171,UNIT
,6,1,,P1-114,NA
,6,1,,B1-122,UNIT
,6,1,,B2-108,UNIT
,6,1,,B2-114,UNIT
,6,1,,P1-113,NA
,6,1,,B1-149,NA
,6,1,,B1-167,UNIT
,6,1,,P1-93,UNIT
,6,1,,P1-120,UNIT
,6,1,,B1-121,UNIT
,6,1,,B3-172,NA
,6,1,,P1-83,UNIT
,6,1,,P1-103,NA
,6,1,,B2-105,UNIT
,6,1,,B2-107,UNIT
,6,1,,B2-205,UNIT
,6,1,,B2-106,UNIT
,6,1,,P1-54,UNIT
,6,1,,B1-126,UNIT
,6,1,,B1-132,NA
,6,1,,B1-133,UNIT
,6,1,,B1-146,UNIT
,6,1,,B2-109,UNIT
,6,1,,P1-39,UNIT
,6,1,,P1-81,UNIT
,6,1,,11F-A-02,UNIT
,6,1,,13F-A-05,UNIT
,6,1,,16F-A-01,UNIT
,6,1,,4F-A-03,UNIT
,6,1,,4F-A-05,UNIT
,6,1,,5F-A-05,UNIT
,6,1,,5F-A-06,UNIT
,6,1,,7F-A-04,UNIT
,6,1,,GF-R13,UNIT
,6,1,,GF-R3,UNIT
,6,1,,GF-R5,UNIT
,6,1,,GF-R9,UNIT
,6,1,,P3-A-01,UNIT
,6,1,,P3-B-06,UNIT
,6,1,,P3-B-08,UNIT
,6,1,,10F-B-05,UNIT
,6,1,,14F-B-02,UNIT
,6,1,,15F-B-05,UNIT
,6,1,,4F-B-01,UNIT
,6,1,,4F-B-02,UNIT
,6,1,,5F-B-05,UNIT
,6,1,,7F-B-01,UNIT
,6,1,,8F-B-06,UNIT
,6,1,,B1-130,UNIT
,6,1,,P1-53,UNIT
,6,1,,P1-56,UNIT
,6,1,,P2-117,NA
,6,1,,B1-69,UNIT
,6,1,,P1-109,UNIT
,6,1,,B1-125,NA
,6,1,,B1-169,UNIT
,6,1,,B2-112,UNIT
,6,1,,P1-90,UNIT
,6,1,,P1-96,UNIT
,6,1,,B1-5,UNIT
,6,1,,B1-142,UNIT
,6,1,,B1-110,UNIT
,6,1,,B1-117,UNIT
,6,1,,P2-110,UNIT
,6,1,,P1-52,UNIT
,6,1,,10F-A-01,UNIT
,6,1,,10F-A-06,UNIT
,6,1,,12F-A-06,UNIT
,6,1,,13F-A-06,UNIT
,6,1,,14F-A-03,UNIT
,6,1,,15F-A-04,UNIT
,6,1,,16F-A-02,UNIT
,6,1,,4F-A-02,UNIT
,6,1,,5F-A-03,UNIT
,6,1,,6F-A-03,UNIT
,6,1,,6F-A-04,UNIT
,6,1,,7F-A-02,UNIT
,6,1,,9F-A-01,UNIT
,6,1,,9F-A-02,UNIT
,6,1,,P3-A-06,UNIT
,6,1,,P3-A-07,UNIT
,6,1,,15F-B-06,UNIT
,6,1,,3F-B-03,UNIT
,6,1,,3F-B-04,UNIT
,6,1,,5F-B-04,UNIT
,6,1,,6F-B-05,UNIT
,6,1,,7F-B-02,UNIT
,6,1,,9F-B-06,UNIT
,7,1,,306,UNIT
,7,1,,406,UNIT
,7,1,,408,UNIT
,7,1,,412,UNIT
,7,1,,"SHOP NO.04",UNIT
,7,1,,G-14,UNIT
,7,1,,G-18,UNIT
,7,1,,308,UNIT
,7,1,,401,UNIT
,7,1,,404,UNIT
,7,1,,501,UNIT
,7,1,,508,UNIT
,7,1,,613,UNIT
,7,1,,G-23,UNIT
,7,1,,G-15,UNIT
,7,1,,202,UNIT
,7,1,,207,UNIT
,7,1,,212,UNIT
,7,1,,315,UNIT
,7,1,,409,UNIT
,7,1,,411,UNIT
,7,1,,414,UNIT
,7,1,,502,UNIT
,7,1,,505,UNIT
,7,1,,506,UNIT
,7,1,,510,UNIT
,7,1,,515,UNIT
,7,1,,"SHOP NO.03",UNIT
,7,1,,G-12,UNIT
,7,1,,G-13,UNIT
,7,1,,G-16,UNIT
,7,1,,201,UNIT
,7,1,,214,UNIT
,7,1,,312,UNIT
,7,1,,413,UNIT
,7,1,,415,UNIT
,7,1,,509,UNIT
,7,1,,511,UNIT
,7,1,,609,UNIT
,7,1,,G-01,UNIT
,7,1,,G-21,UNIT
,7,1,,203,UNIT
,7,1,,204,UNIT
,7,1,,209,UNIT
,7,1,,211,UNIT
,7,1,,304,UNIT
,7,1,,309,UNIT
,7,1,,512,UNIT
,7,1,,612,UNIT
,7,1,,G-22,UNIT
,7,1,,G-25,UNIT
,7,1,,G-24,UNIT
,7,1,,G-27,UNIT
,7,1,,G-19,UNIT
,7,1,,215,UNIT
,7,1,,301,UNIT
,7,1,,302,UNIT
,7,1,,313,UNIT
,7,1,,403,UNIT
,7,1,,"SHOP NO.01",UNIT
,7,1,,G-17,UNIT
,7,1,,205,UNIT
,7,1,,210,UNIT
,7,1,,303,UNIT
,7,1,,305,UNIT
,7,1,,310,UNIT
,7,1,,314,UNIT
,7,1,,407,UNIT
,7,1,,410,UNIT
,7,1,,504,UNIT
,7,1,,513,UNIT
,7,1,,514,UNIT
,7,1,,606,UNIT
,7,1,,610,UNIT
,7,1,,"SHOP NO.02",UNIT
,7,1,,G-20,UNIT
,7,1,,G-29,UNIT
,7,1,,213,UNIT
,7,1,,307,UNIT
,7,1,,311,UNIT
,7,1,,402,UNIT
,7,1,,405,UNIT
,7,1,,503,UNIT
,7,1,,507,UNIT
,7,1,,607,UNIT
,7,1,,611,UNIT
,7,1,,G-28,UNIT
,7,1,,G-02,UNIT
,7,1,,G-26,UNIT
,8,1,,B2-SR06,UNIT
,8,1,,B3-SR08,UNIT
,8,1,,B2-SR01,UNIT
,8,1,,1002,UNIT
,8,1,,1004,UNIT
,8,1,,109,UNIT
,8,1,,1102,UNIT
,8,1,,1103,UNIT
,8,1,,1104,UNIT
,8,1,,1207,UNIT
,8,1,,1305,UNIT
,8,1,,1402,UNIT
,8,1,,1403,UNIT
,8,1,,1405,UNIT
,8,1,,1505,UNIT
,8,1,,1607,UNIT
,8,1,,1703,UNIT
,8,1,,1706,UNIT
,8,1,,1803,UNIT
,8,1,,2207,UNIT
,8,1,,2306,UNIT
,8,1,,2802,UNIT
,8,1,,2805,UNIT
,8,1,,303,UNIT
,8,1,,407,UNIT
,8,1,,502,UNIT
,8,1,,707,UNIT
,8,1,,801,UNIT
,8,1,,901,UNIT
,8,1,,G02,UNIT
,8,1,,1005,UNIT
,8,1,,104,UNIT
,8,1,,1303,UNIT
,8,1,,1307,UNIT
,8,1,,1407,UNIT
,8,1,,1501,UNIT
,8,1,,1603,UNIT
,8,1,,1806,UNIT
,8,1,,2003,UNIT
,8,1,,2004,UNIT
,8,1,,202,UNIT
,8,1,,203,UNIT
,8,1,,2104,UNIT
,8,1,,2204,UNIT
,8,1,,2301,UNIT
,8,1,,2402,UNIT
,8,1,,2504,UNIT
,8,1,,302,UNIT
,8,1,,306,UNIT
,8,1,,602,UNIT
,8,1,,805,UNIT
,8,1,,G04,UNIT
,8,1,,"SHOP 4",UNIT
,8,1,,B4-SR07,UNIT
,8,1,,B1-SR01,UNIT
,8,1,,B4-SR04,UNIT
,8,1,,B2-SR05,UNIT
,8,1,,1008,UNIT
,8,1,,105,UNIT
,8,1,,1107,UNIT
,8,1,,1604,UNIT
,8,1,,1705,UNIT
,8,1,,1801,UNIT
,8,1,,1907,UNIT
,8,1,,2006,UNIT
,8,1,,2101,UNIT
,8,1,,2102,UNIT
,8,1,,2206,UNIT
,8,1,,2403,UNIT
,8,1,,2502,UNIT
,8,1,,2505,UNIT
,8,1,,2601,UNIT
,8,1,,2704,UNIT
,8,1,,2706,UNIT
,8,1,,304,UNIT
,8,1,,504,UNIT
,8,1,,601,UNIT
,8,1,,605,UNIT
,8,1,,608,UNIT
,8,1,,704,UNIT
,8,1,,902,UNIT
,8,1,,"SHOP 2",UNIT
,8,1,,"SHOP 6",UNIT
,8,1,,B3-SR02,UNIT
,8,1,,G-SR01,UNIT
,8,1,,B2-SR07,UNIT
,8,1,,1106,UNIT
,8,1,,1201,UNIT
,8,1,,1401,UNIT
,8,1,,1506,UNIT
,8,1,,1701,UNIT
,8,1,,1802,UNIT
,8,1,,1807,UNIT
,8,1,,1901,UNIT
,8,1,,1906,UNIT
,8,1,,2202,UNIT
,8,1,,2203,UNIT
,8,1,,2406,UNIT
,8,1,,2503,UNIT
,8,1,,2506,UNIT
,8,1,,2604,UNIT
,8,1,,2703,UNIT
,8,1,,2705,UNIT
,8,1,,2707,UNIT
,8,1,,2904,UNIT
,8,1,,305,UNIT
,8,1,,402,UNIT
,8,1,,604,UNIT
,8,1,,705,UNIT
,8,1,,802,UNIT
,8,1,,904,UNIT
,8,1,,905,UNIT
,8,1,,906,UNIT
,8,1,,G03,UNIT
,8,1,,G06,UNIT
,8,1,,G08,UNIT
,8,1,,"SHOP 5",UNIT
,8,1,,"SHOP 8",UNIT
,8,1,,B4-3,UNIT
,8,1,,B1-SR02,UNIT
,8,1,,B2-SR02,UNIT
,8,1,,B3-SR01,UNIT
,8,1,,106,UNIT
,8,1,,108,UNIT
,8,1,,1304,UNIT
,8,1,,1707,UNIT
,8,1,,1804,UNIT
,8,1,,1902,UNIT
,8,1,,1904,UNIT
,8,1,,2001,UNIT
,8,1,,2005,UNIT
,8,1,,2007,UNIT
,8,1,,2105,UNIT
,8,1,,2205,UNIT
,8,1,,2302,UNIT
,8,1,,2401,UNIT
,8,1,,2407,UNIT
,8,1,,2507,UNIT
,8,1,,2603,UNIT
,8,1,,2606,UNIT
,8,1,,2607,UNIT
,8,1,,2801,UNIT
,8,1,,403,UNIT
,8,1,,505,UNIT
,8,1,,508,UNIT
,8,1,,603,UNIT
,8,1,,607,UNIT
,8,1,,903,UNIT
,8,1,,G05,UNIT
,8,1,,"SHOP 3",UNIT
,8,1,,B3-SR03,UNIT
,8,1,,B3-SR05,UNIT
,8,1,,B4-SR01,UNIT
,8,1,,B4-SR03,UNIT
,8,1,,B2-SR03,UNIT
,8,1,,1003,UNIT
,8,1,,1006,UNIT
,8,1,,107,UNIT
,8,1,,1101,UNIT
,8,1,,1203,UNIT
,8,1,,1302,UNIT
,8,1,,1306,UNIT
,8,1,,1406,UNIT
,8,1,,1503,UNIT
,8,1,,1602,UNIT
,8,1,,1606,UNIT
,8,1,,201,UNIT
,8,1,,2107,UNIT
,8,1,,2201,UNIT
,8,1,,2304,UNIT
,8,1,,2305,UNIT
,8,1,,2405,UNIT
,8,1,,2501,UNIT
,8,1,,2602,UNIT
,8,1,,2701,UNIT
,8,1,,2702,UNIT
,8,1,,2901,UNIT
,8,1,,307,UNIT
,8,1,,406,UNIT
,8,1,,501,UNIT
,8,1,,507,UNIT
,8,1,,701,UNIT
,8,1,,703,UNIT
,8,1,,708,UNIT
,8,1,,908,UNIT
,8,1,,"SHOP 9",UNIT
,8,1,,B2-78,UNIT
,8,1,,B4-SR06,UNIT
,8,1,,B3-SR04,UNIT
,8,1,,B3-SR06,UNIT
,8,1,,1001,UNIT
,8,1,,101,UNIT
,8,1,,103,UNIT
,8,1,,110,UNIT
,8,1,,1202,UNIT
,8,1,,1206,UNIT
,8,1,,1404,UNIT
,8,1,,1502,UNIT
,8,1,,1601,UNIT
,8,1,,1605,UNIT
,8,1,,1702,UNIT
,8,1,,1903,UNIT
,8,1,,2303,UNIT
,8,1,,2307,UNIT
,8,1,,2404,UNIT
,8,1,,2605,UNIT
,8,1,,2803,UNIT
,8,1,,2804,UNIT
,8,1,,2903,UNIT
,8,1,,2905,UNIT
,8,1,,301,UNIT
,8,1,,408,UNIT
,8,1,,503,UNIT
,8,1,,706,UNIT
,8,1,,803,UNIT
,8,1,,806,UNIT
,8,1,,807,UNIT
,8,1,,808,UNIT
,8,1,,907,UNIT
,8,1,,"SHOP 10",UNIT
,8,1,,1F-SR01,UNIT
,8,1,,B4-SR05,UNIT
,8,1,,B4-SR02,UNIT
,8,1,,B2-SR04,UNIT
,8,1,,B3-SR07,UNIT
,8,1,,1007,UNIT
,8,1,,102,UNIT
,8,1,,1105,UNIT
,8,1,,1204,UNIT
,8,1,,1205,UNIT
,8,1,,1301,UNIT
,8,1,,1504,UNIT
,8,1,,1507,UNIT
,8,1,,1704,UNIT
,8,1,,1805,UNIT
,8,1,,1905,UNIT
,8,1,,2002,UNIT
,8,1,,2103,UNIT
,8,1,,2106,UNIT
,8,1,,2902,UNIT
,8,1,,308,UNIT
,8,1,,401,UNIT
,8,1,,404,UNIT
,8,1,,405,UNIT
,8,1,,506,UNIT
,8,1,,606,UNIT
,8,1,,702,UNIT
,8,1,,804,UNIT
,8,1,,G01,UNIT
,8,1,,G07,UNIT
,8,1,,"SHOP 1",UNIT
,8,1,,"SHOP 7",UNIT
,9,1,,122,UNIT
,9,1,,126,UNIT
,9,1,,204,UNIT
,9,1,,206,UNIT
,9,1,,210,UNIT
,9,1,,215,UNIT
,9,1,,218,UNIT
,9,1,,224,UNIT
,9,1,,226,UNIT
,9,1,,301,UNIT
,9,1,,309,UNIT
,9,1,,322,UNIT
,9,1,,325,UNIT
,9,1,,328,UNIT
,9,1,,403,UNIT
,9,1,,404,UNIT
,9,1,,428,UNIT
,9,1,,R04,UNIT
,9,1,,101,UNIT
,9,1,,111,UNIT
,9,1,,115,UNIT
,9,1,,118,UNIT
,9,1,,119,UNIT
,9,1,,120,UNIT
,9,1,,212,UNIT
,9,1,,223,UNIT
,9,1,,225,UNIT
,9,1,,314,UNIT
,9,1,,407,UNIT
,9,1,,414,UNIT
,9,1,,423,UNIT
,9,1,,424,UNIT
,9,1,,123,UNIT
,9,1,,205,UNIT
,9,1,,216,UNIT
,9,1,,217,UNIT
,9,1,,229,UNIT
,9,1,,305,UNIT
,9,1,,307,UNIT
,9,1,,312,UNIT
,9,1,,313,UNIT
,9,1,,315,UNIT
,9,1,,401,UNIT
,9,1,,417,UNIT
,9,1,,427,UNIT
,9,1,,430,UNIT
,9,1,,G-86,UNIT
,9,1,,107,UNIT
,9,1,,109,UNIT
,9,1,,110,UNIT
,9,1,,207,UNIT
,9,1,,214,UNIT
,9,1,,221,UNIT
,9,1,,222,UNIT
,9,1,,310,UNIT
,9,1,,311,UNIT
,9,1,,321,UNIT
,9,1,,406,UNIT
,9,1,,408,UNIT
,9,1,,419,UNIT
,9,1,,R01,UNIT
,9,1,,G-85,UNIT
,9,1,,103,UNIT
,9,1,,105,UNIT
,9,1,,112,UNIT
,9,1,,113,UNIT
,9,1,,116,UNIT
,9,1,,124,UNIT
,9,1,,209,UNIT
,9,1,,211,UNIT
,9,1,,227,UNIT
,9,1,,316,UNIT
,9,1,,323,UNIT
,9,1,,327,UNIT
,9,1,,420,UNIT
,9,1,,426,UNIT
,9,1,,429,UNIT
,9,1,,R03,UNIT
,9,1,,R05,UNIT
,9,1,,R06,UNIT
,9,1,,102,UNIT
,9,1,,106,UNIT
,9,1,,108,UNIT
,9,1,,114,UNIT
,9,1,,117,UNIT
,9,1,,121,UNIT
,9,1,,201,UNIT
,9,1,,220,UNIT
,9,1,,302,UNIT
,9,1,,306,UNIT
,9,1,,308,UNIT
,9,1,,320,UNIT
,9,1,,324,UNIT
,9,1,,402,UNIT
,9,1,,410,UNIT
,9,1,,411,UNIT
,9,1,,416,UNIT
,9,1,,421,UNIT
,9,1,,127,UNIT
,9,1,,203,UNIT
,9,1,,213,UNIT
,9,1,,228,UNIT
,9,1,,317,UNIT
,9,1,,329,UNIT
,9,1,,409,UNIT
,9,1,,412,UNIT
,9,1,,413,UNIT
,9,1,,415,UNIT
,9,1,,422,UNIT
,9,1,,425,UNIT
,9,1,,104,UNIT
,9,1,,125,UNIT
,9,1,,128,UNIT
,9,1,,202,UNIT
,9,1,,208,UNIT
,9,1,,219,UNIT
,9,1,,303,UNIT
,9,1,,304,UNIT
,9,1,,318,UNIT
,9,1,,319,UNIT
,9,1,,326,UNIT
,9,1,,405,UNIT
,9,1,,418,UNIT
,9,1,,R02,UNIT
,10,1,,G-42,UNIT
,10,1,,G-66,UNIT
,10,1,,G-115,UNIT
,10,1,,504,UNIT
,10,1,,511,UNIT
,10,1,,518,UNIT
,10,1,,601,UNIT
,10,1,,708,UNIT
,10,1,,813,UNIT
,10,1,,814,UNIT
,10,1,,815,UNIT
,10,1,,818,UNIT
,10,1,,103,UNIT
,10,1,,106,UNIT
,10,1,,115,UNIT
,10,1,,205,UNIT
,10,1,,208,UNIT
,10,1,,210,UNIT
,10,1,,211,UNIT
,10,1,,213,UNIT
,10,1,,216,UNIT
,10,1,,309,UNIT
,10,1,,406,UNIT
,10,1,,407,UNIT
,10,1,,409,UNIT
,10,1,,410,UNIT
,10,1,,G-117,UNIT
,10,1,,412,UNIT
,10,1,,514,UNIT
,10,1,,611,UNIT
,10,1,,701,UNIT
,10,1,,705,UNIT
,10,1,,706,UNIT
,10,1,,709,UNIT
,10,1,,809,UNIT
,10,1,,811,UNIT
,10,1,,816,UNIT
,10,1,,104,UNIT
,10,1,,113,UNIT
,10,1,,116,UNIT
,10,1,,214,UNIT
,10,1,,305,UNIT
,10,1,,312,UNIT
,10,1,,313,UNIT
,10,1,,315,UNIT
,10,1,,316,UNIT
,10,1,,318,UNIT
,10,1,,G-78,UNIT
,10,1,,413,UNIT
,10,1,,419,UNIT
,10,1,,501,UNIT
,10,1,,508,UNIT
,10,1,,510,UNIT
,10,1,,516,UNIT
,10,1,,517,UNIT
,10,1,,602,UNIT
,10,1,,603,UNIT
,10,1,,609,UNIT
,10,1,,707,UNIT
,10,1,,712,UNIT
,10,1,,717,UNIT
,10,1,,802,UNIT
,10,1,,817,UNIT
,10,1,,107,UNIT
,10,1,,108,UNIT
,10,1,,112,UNIT
,10,1,,306,UNIT
,10,1,,308,UNIT
,10,1,,404,UNIT
,10,1,,G-8,UNIT
,10,1,,411,UNIT
,10,1,,417,UNIT
,10,1,,509,UNIT
,10,1,,512,UNIT
,10,1,,604,UNIT
,10,1,,614,UNIT
,10,1,,617,UNIT
,10,1,,704,UNIT
,10,1,,718,UNIT
,10,1,,804,UNIT
,10,1,,810,UNIT
,10,1,,812,UNIT
,10,1,,101,UNIT
,10,1,,117,UNIT
,10,1,,207,UNIT
,10,1,,212,UNIT
,10,1,,217,UNIT
,10,1,,302,UNIT
,10,1,,303,UNIT
,10,1,,402,UNIT
,10,1,,G-149,UNIT
,10,1,,416,UNIT
,10,1,,506,UNIT
,10,1,,606,UNIT
,10,1,,613,UNIT
,10,1,,615,UNIT
,10,1,,618,UNIT
,10,1,,716,UNIT
,10,1,,803,UNIT
,10,1,,805,UNIT
,10,1,,201,UNIT
,10,1,,203,UNIT
,10,1,,215,UNIT
,10,1,,314,UNIT
,10,1,,G-67,UNIT
,10,1,,418,UNIT
,10,1,,513,UNIT
,10,1,,610,UNIT
,10,1,,616,UNIT
,10,1,,703,UNIT
,10,1,,713,UNIT
,10,1,,105,UNIT
,10,1,,109,UNIT
,10,1,,219,UNIT
,10,1,,307,UNIT
,10,1,,317,UNIT
,10,1,,319,UNIT
,10,1,,403,UNIT
,10,1,,414,UNIT
,10,1,,415,UNIT
,10,1,,502,UNIT
,10,1,,503,UNIT
,10,1,,505,UNIT
,10,1,,515,UNIT
,10,1,,619,UNIT
,10,1,,710,UNIT
,10,1,,715,UNIT
,10,1,,808,UNIT
,10,1,,819,UNIT
,10,1,,111,UNIT
,10,1,,114,UNIT
,10,1,,206,UNIT
,10,1,,209,UNIT
,10,1,,310,UNIT
,10,1,,401,UNIT
,10,1,,408,UNIT
,10,1,,G-150,UNIT
,10,1,,507,UNIT
,10,1,,519,UNIT
,10,1,,605,UNIT
,10,1,,607,UNIT
,10,1,,608,UNIT
,10,1,,612,UNIT
,10,1,,702,UNIT
,10,1,,711,UNIT
,10,1,,714,UNIT
,10,1,,719,UNIT
,10,1,,801,UNIT
,10,1,,806,UNIT
,10,1,,807,UNIT
,10,1,,102,UNIT
,10,1,,110,UNIT
,10,1,,202,UNIT
,10,1,,204,UNIT
,10,1,,218,UNIT
,10,1,,301,UNIT
,10,1,,304,UNIT
,10,1,,311,UNIT
,10,1,,405,UNIT
,11,1,,104,UNIT
,11,1,,112,UNIT
,11,1,,206,UNIT
,11,1,,208,UNIT
,11,1,,409,UNIT
,11,1,,507,UNIT
,11,1,,512,UNIT
,11,1,,G011,UNIT
,11,1,,108,UNIT
,11,1,,506,UNIT
,11,1,,G002,UNIT
,11,1,,G005,UNIT
,11,1,,G010,UNIT
,11,1,,G015,UNIT
,11,1,,103,UNIT
,11,1,,106,UNIT
,11,1,,211,UNIT
,11,1,,301,UNIT
,11,1,,307,UNIT
,11,1,,405,UNIT
,11,1,,508,UNIT
,11,1,,515,UNIT
,11,1,,G004,UNIT
,11,1,,201,UNIT
,11,1,,204,UNIT
,11,1,,212,UNIT
,11,1,,305,UNIT
,11,1,,306,UNIT
,11,1,,408,UNIT
,11,1,,505,UNIT
,11,1,,G014,UNIT
,11,1,,115,UNIT
,11,1,,312,UNIT
,11,1,,403,UNIT
,11,1,,412,UNIT
,11,1,,415,UNIT
,11,1,,G001,UNIT
,11,1,,G012,UNIT
,11,1,,102,UNIT
,11,1,,203,UNIT
,11,1,,210,UNIT
,11,1,,213,UNIT
,11,1,,302,UNIT
,11,1,,413,UNIT
,11,1,,502,UNIT
,11,1,,G007,UNIT
,11,1,,G008,UNIT
,11,1,,107,UNIT
,11,1,,111,UNIT
,11,1,,202,UNIT
,11,1,,209,UNIT
,11,1,,214,UNIT
,11,1,,215,UNIT
,11,1,,303,UNIT
,11,1,,311,UNIT
,11,1,,315,UNIT
,11,1,,404,UNIT
,11,1,,410,UNIT
,11,1,,411,UNIT
,11,1,,503,UNIT
,11,1,,G009,UNIT
,11,1,,101,UNIT
,11,1,,105,UNIT
,11,1,,205,UNIT
,11,1,,207,UNIT
,11,1,,304,UNIT
,11,1,,308,UNIT
,11,1,,401,UNIT
,11,1,,402,UNIT
,11,1,,406,UNIT
,11,1,,407,UNIT
,11,1,,414,UNIT
,11,1,,501,UNIT
,11,1,,504,UNIT
,11,1,,511,UNIT
,11,1,,G003,UNIT
,11,1,,G006,UNIT
,11,2,,G013,UNIT
,11,1,,R1,UNIT
,12,1,,1002,UNIT
,12,1,,102,UNIT
,12,1,,110,UNIT
,12,1,,207,UNIT
,12,1,,208,UNIT
,12,1,,306,UNIT
,12,1,,507,UNIT
,12,1,,602,UNIT
,12,1,,705,UNIT
,12,1,,910,UNIT
,12,1,,1104,UNIT
,12,1,,303,UNIT
,12,1,,304,UNIT
,12,1,,307,UNIT
,12,1,,410,UNIT
,12,1,,508,UNIT
,12,1,,601,UNIT
,12,1,,710,UNIT
,12,1,,905,UNIT
,12,1,,P1-69,UNIT
,12,1,,101,UNIT
,12,1,,105,UNIT
,12,1,,1109,UNIT
,12,1,,1110,UNIT
,12,1,,204,UNIT
,12,1,,206,UNIT
,12,1,,302,UNIT
,12,1,,401,UNIT
,12,1,,409,UNIT
,12,1,,501,UNIT
,12,1,,604,UNIT
,12,1,,606,UNIT
,12,1,,607,UNIT
,12,1,,608,UNIT
,12,1,,702,UNIT
,12,1,,804,UNIT
,12,1,,809,UNIT
,12,1,,901,UNIT
,12,1,,104,UNIT
,12,1,,1102,UNIT
,12,1,,1105,UNIT
,12,1,,202,UNIT
,12,1,,203,UNIT
,12,1,,506,UNIT
,12,1,,610,UNIT
,12,1,,703,UNIT
,12,1,,704,UNIT
,12,1,,706,UNIT
,12,1,,907,UNIT
,12,1,,P2-111,UNIT
,12,1,,103,UNIT
,12,1,,106,UNIT
,12,1,,1202,UNIT
,12,1,,201,UNIT
,12,1,,210,UNIT
,12,1,,404,UNIT
,12,1,,502,UNIT
,12,1,,603,UNIT
,12,1,,707,UNIT
,12,1,,801,UNIT
,12,1,,G-24,UNIT
,12,1,,1007,UNIT
,12,1,,1008,UNIT
,12,1,,107,UNIT
,12,1,,1103,UNIT
,12,1,,1201,UNIT
,12,1,,209,UNIT
,12,1,,308,UNIT
,12,1,,406,UNIT
,12,1,,407,UNIT
,12,1,,503,UNIT
,12,1,,504,UNIT
,12,1,,605,UNIT
,12,1,,609,UNIT
,12,1,,708,UNIT
,12,1,,802,UNIT
,12,1,,806,UNIT
,12,1,,810,UNIT
,12,1,,903,UNIT
,12,1,,908,UNIT
,12,1,,909,UNIT
,12,1,,G-25,UNIT
,12,1,,P1-74,UNIT
,12,1,,P2-109,UNIT
,12,1,,1001,UNIT
,12,1,,1003,UNIT
,12,1,,1004,UNIT
,12,1,,1006,UNIT
,12,1,,1009,UNIT
,12,1,,108,UNIT
,12,1,,1108,UNIT
,12,1,,301,UNIT
,12,1,,310,UNIT
,12,1,,402,UNIT
,12,1,,405,UNIT
,12,1,,408,UNIT
,12,1,,505,UNIT
,12,1,,510,UNIT
,12,1,,803,UNIT
,12,1,,805,UNIT
,12,1,,902,UNIT
,12,1,,904,UNIT
,12,1,,P2-107,UNIT
,12,1,,P1-54,UNIT
,12,1,,P2-97,UNIT
,12,1,,P2-123,UNIT
,12,1,,1005,UNIT
,12,1,,1010,UNIT
,12,1,,109,UNIT
,12,1,,1101,UNIT
,12,1,,1106,UNIT
,12,1,,1107,UNIT
,12,1,,205,UNIT
,12,1,,305,UNIT
,12,1,,309,UNIT
,12,1,,403,UNIT
,12,1,,509,UNIT
,12,1,,701,UNIT
,12,1,,709,UNIT
,12,1,,807,UNIT
,12,1,,808,UNIT
,12,1,,906,UNIT
,12,1,,P2-118,UNIT
,13,1,,409,UNIT
,13,1,,502,UNIT
,13,1,,503,UNIT
,13,1,,814,UNIT
,13,1,,912,UNIT
,13,1,,1006,UNIT
,13,1,,1013,UNIT
,13,1,,S03,UNIT
,13,1,,102,UNIT
,13,1,,113,UNIT
,13,1,,210,UNIT
,13,1,,304,UNIT
,13,1,,403,UNIT
,13,1,,405,UNIT
,13,1,,603,UNIT
,13,1,,612,UNIT
,13,1,,614,UNIT
,13,1,,704,UNIT
,13,1,,807,UNIT
,13,1,,412,UNIT
,13,1,,507,UNIT
,13,1,,813,UNIT
,13,1,,406,UNIT
,13,1,,209,UNIT
,13,1,,311,UNIT
,13,1,,509,UNIT
,13,1,,512,UNIT
,13,1,,609,UNIT
,13,1,,703,UNIT
,13,1,,705,UNIT
,13,1,,706,UNIT
,13,1,,708,UNIT
,13,1,,501,UNIT
,13,1,,506,UNIT
,13,1,,903,UNIT
,13,1,,910,UNIT
,13,1,,407,UNIT
,13,1,,1012,UNIT
,13,1,,914,UNIT
,13,1,,S06,UNIT
,13,1,,110,UNIT
,13,1,,111,UNIT
,13,1,,112,UNIT
,13,1,,211,UNIT
,13,1,,212,UNIT
,13,1,,301,UNIT
,13,1,,302,UNIT
,13,1,,313,UNIT
,13,1,,401,UNIT
,13,1,,508,UNIT
,13,1,,604,UNIT
,13,1,,607,UNIT
,13,1,,613,UNIT
,13,1,,709,UNIT
,13,1,,713,UNIT
,13,1,,410,UNIT
,13,1,,505,UNIT
,13,1,,811,UNIT
,13,1,,901,UNIT
,13,1,,904,UNIT
,13,1,,909,UNIT
,13,1,,911,UNIT
,13,1,,1007,UNIT
,13,1,,101,UNIT
,13,1,,1009,UNIT
,13,1,,107,UNIT
,13,1,,205,UNIT
,13,1,,206,UNIT
,13,1,,207,UNIT
,13,1,,307,UNIT
,13,1,,402,UNIT
,13,1,,710,UNIT
,13,1,,809,UNIT
,13,1,,413,UNIT
,13,1,,1001,UNIT
,13,1,,1002,UNIT
,13,1,,907,UNIT
,13,1,,1008,UNIT
,13,1,,1010,UNIT
,13,1,,1014,UNIT
,13,1,,104,UNIT
,13,1,,214,UNIT
,13,1,,309,UNIT
,13,1,,314,UNIT
,13,1,,404,UNIT
,13,1,,702,UNIT
,13,1,,707,UNIT
,13,1,,803,UNIT
,13,1,,808,UNIT
,13,1,,504,UNIT
,13,1,,810,UNIT
,13,1,,812,UNIT
,13,1,,S01,UNIT
,13,1,,105,UNIT
,13,1,,108,UNIT
,13,1,,203,UNIT
,13,1,,213,UNIT
,13,1,,305,UNIT
,13,1,,306,UNIT
,13,1,,308,UNIT
,13,1,,310,UNIT
,13,1,,514,UNIT
,13,1,,608,UNIT
,13,1,,610,UNIT
,13,1,,701,UNIT
,13,1,,711,UNIT
,13,1,,714,UNIT
,13,1,,805,UNIT
,13,1,,414,UNIT
,13,1,,1004,UNIT
,13,1,,913,UNIT
,13,1,,S05,UNIT
,13,1,,103,UNIT
,13,1,,109,UNIT
,13,1,,201,UNIT
,13,1,,303,UNIT
,13,1,,510,UNIT
,13,1,,602,UNIT
,13,1,,605,UNIT
,13,1,,606,UNIT
,13,1,,801,UNIT
,13,1,,806,UNIT
,13,1,,411,UNIT
,13,1,,1003,UNIT
,13,1,,1005,UNIT
,13,1,,902,UNIT
,13,1,,905,UNIT
,13,1,,906,UNIT
,13,1,,908,UNIT
,13,1,,408,UNIT
,13,1,,1011,UNIT
,13,1,,S02,UNIT
,13,1,,S04,UNIT
,13,1,,106,UNIT
,13,1,,114,UNIT
,13,1,,202,UNIT
,13,1,,204,UNIT
,13,1,,208,UNIT
,13,1,,312,UNIT
,13,1,,511,UNIT
,13,1,,513,UNIT
,13,1,,601,UNIT
,13,1,,611,UNIT
,13,1,,712,UNIT
,13,1,,802,UNIT
,13,1,,804,UNIT
,14,1,,P-64,UNIT
,14,1,,P-27,UNIT
,14,1,,P-16,UNIT
,14,1,,P-29,UNIT
,14,1,,P-52,UNIT
,14,1,,P-32,UNIT
,14,1,,P-47,UNIT
,14,1,,308,UNIT
,14,1,,1106,UNIT
,14,1,,104,UNIT
,14,1,,903,UNIT
,14,1,,1501,UNIT
,14,1,,511,UNIT
,14,1,,410,UNIT
,14,1,,507,UNIT
,14,1,,1002,UNIT
,14,1,,510,UNIT
,14,1,,416,UNIT
,14,1,,805,UNIT
,14,1,,405,UNIT
,14,1,,1204,UNIT
,14,1,,414,UNIT
,14,1,,1401,UNIT
,14,1,,216,UNIT
,14,1,,211,UNIT
,14,1,,810,UNIT
,14,1,,401,UNIT
,14,1,,1001,UNIT
,14,1,,814,UNIT
,14,1,,P-50,UNIT
,14,1,,P-63,UNIT
,14,1,,B1-31,UNIT
,14,1,,B1-30,UNIT
,14,1,,B1-33,UNIT
,14,1,,P-17,UNIT
,14,1,,1004,UNIT
,14,1,,1502,UNIT
,14,1,,311,UNIT
,14,1,,901,UNIT
,14,1,,716,UNIT
,14,1,,706,UNIT
,14,1,,913,UNIT
,14,1,,711,UNIT
,14,1,,613,UNIT
,14,1,,415,UNIT
,14,1,,809,UNIT
,14,1,,1406,UNIT
,14,1,,504,UNIT
,14,1,,807,UNIT
,14,1,,906,UNIT
,14,1,,P-31,UNIT
,14,1,,B1-29,UNIT
,14,1,,P-37,UNIT
,14,1,,816,UNIT
,14,1,,1202,UNIT
,14,1,,610,UNIT
,14,1,,404,UNIT
,14,1,,204,UNIT
,14,1,,508,UNIT
,14,1,,502,UNIT
,14,1,,408,UNIT
,14,1,,409,UNIT
,14,1,,316,UNIT
,14,1,,215,UNIT
,14,1,,1007,UNIT
,14,1,,1006,UNIT
,14,1,,911,UNIT
,14,1,,P-59,UNIT
,14,1,,P-53,UNIT
,14,1,,P-20,UNIT
,14,1,,B1-35,UNIT
,14,1,,P-45,UNIT
,14,1,,P-60,UNIT
,14,1,,P-34,UNIT
,14,1,,P-40,UNIT
,14,1,,P-43,UNIT
,14,1,,P-61,UNIT
,14,1,,Retail-3,UNIT
,14,1,,707,UNIT
,14,1,,206,UNIT
,14,1,,604,UNIT
,14,1,,1305,UNIT
,14,1,,212,UNIT
,14,1,,406,UNIT
,14,1,,701,UNIT
,14,1,,1301,UNIT
,14,1,,704,UNIT
,14,1,,Retail-7,UNIT
,14,1,,516,UNIT
,14,1,,205,UNIT
,14,1,,803,UNIT
,14,1,,812,UNIT
,14,1,,312,UNIT
,14,1,,210,UNIT
,14,1,,802,UNIT
,14,1,,514,UNIT
,14,1,,1307,UNIT
,14,1,,915,UNIT
,14,1,,801,UNIT
,14,1,,615,UNIT
,14,1,,616,UNIT
,14,1,,715,UNIT
,14,1,,P-46,UNIT
,14,1,,P-58,UNIT
,14,1,,B1-28,UNIT
,14,1,,P-18,UNIT
,14,1,,P-33,UNIT
,14,1,,P-21,UNIT
,14,1,,P-55,UNIT
,14,1,,P-36,UNIT
,14,1,,P-56,UNIT
,14,1,,P-48,UNIT
,14,1,,P-51,UNIT
,14,1,,P-62,UNIT
,14,1,,1107,UNIT
,14,1,,912,UNIT
,14,1,,501,UNIT
,14,1,,808,UNIT
,14,1,,407,UNIT
,14,1,,1404,UNIT
,14,1,,602,UNIT
,14,1,,108,UNIT
,14,1,,107,UNIT
,14,1,,305,UNIT
,14,1,,1203,UNIT
,14,1,,703,UNIT
,14,1,,509,UNIT
,14,1,,1407,UNIT
,14,1,,412,UNIT
,14,1,,106,UNIT
,14,1,,908,UNIT
,14,1,,601,UNIT
,14,1,,1207,UNIT
,14,1,,608,UNIT
,14,1,,710,UNIT
,14,1,,705,UNIT
,14,1,,Retail-6,UNIT
,14,1,,713,UNIT
,14,1,,904,UNIT
,14,1,,515,UNIT
,14,1,,1101,UNIT
,14,1,,605,UNIT
,14,1,,P-24,UNIT
,14,1,,P-38,UNIT
,14,1,,P-41,UNIT
,14,1,,B1-34,UNIT
,14,1,,B1-78,UNIT
,14,1,,P-15,UNIT
,14,1,,P-49,UNIT
,14,1,,P-23,UNIT
,14,1,,P-19,UNIT
,14,1,,P-26,UNIT
,14,1,,314,UNIT
,14,1,,606,UNIT
,14,1,,209,UNIT
,14,1,,806,UNIT
,14,1,,Retail-4,UNIT
,14,1,,1104,UNIT
,14,1,,403,UNIT
,14,1,,402,UNIT
,14,1,,612,UNIT
,14,1,,614,UNIT
,14,1,,1206,UNIT
,14,1,,1405,UNIT
,14,1,,Retail-5,UNIT
,14,1,,607,UNIT
,14,1,,207,UNIT
,14,1,,313,UNIT
,14,1,,902,UNIT
,14,1,,Retail-1,UNIT
,14,1,,103,UNIT
,14,1,,907,UNIT
,14,1,,909,UNIT
,14,1,,1201,UNIT
,14,1,,505,UNIT
,14,1,,708,UNIT
,14,1,,202,UNIT
,14,1,,P-44,UNIT
,14,1,,B2-85,UNIT
,14,1,,P-54,UNIT
,14,1,,B1-32,UNIT
,14,1,,P-30,UNIT
,14,1,,P-39,UNIT
,14,1,,P-42,UNIT
,14,1,,1103,UNIT
,14,1,,102,UNIT
,14,1,,916,UNIT
,14,1,,411,UNIT
,14,1,,201,UNIT
,14,1,,811,UNIT
,14,1,,1208,UNIT
,14,1,,213,UNIT
,14,1,,506,UNIT
,14,1,,714,UNIT
,14,1,,105,UNIT
,14,1,,914,UNIT
,14,1,,702,UNIT
,14,1,,413,UNIT
,14,1,,503,UNIT
,14,1,,512,UNIT
,14,1,,1205,UNIT
,14,1,,302,UNIT
,14,1,,1403,UNIT
,14,1,,1008,UNIT
,14,1,,712,UNIT
,14,1,,1102,UNIT
,14,1,,1005,UNIT
,14,1,,208,UNIT
,14,1,,101,UNIT
,14,1,,306,UNIT
,14,1,,513,UNIT
,14,1,,1306,UNIT
,14,1,,1302,UNIT
,14,1,,P-35,UNIT
,14,1,,P-28,UNIT
,14,1,,P-25,UNIT
,14,1,,P-57,UNIT
,14,1,,P-22,UNIT
,14,1,,603,UNIT
,14,1,,709,UNIT
,14,1,,815,UNIT
,14,1,,307,UNIT
,14,1,,609,UNIT
,14,1,,315,UNIT
,14,1,,813,UNIT
,14,1,,1308,UNIT
,14,1,,1105,UNIT
,14,1,,905,UNIT
,14,1,,Retail-2,UNIT
,14,1,,1303,UNIT
,14,1,,214,UNIT
,14,1,,1108,UNIT
,14,1,,1003,UNIT
,14,1,,804,UNIT
,14,1,,1402,UNIT
,14,1,,203,UNIT
,14,1,,1408,UNIT
,14,1,,303,UNIT
,14,1,,304,UNIT
,14,1,,310,UNIT
,14,1,,1304,UNIT
,14,1,,301,UNIT
,14,1,,611,UNIT
,14,1,,309,UNIT
,14,1,,910,UNIT
,15,1,,1005,UNIT
,15,1,,1008,UNIT
,15,1,,1009,UNIT
,15,1,,1107,UNIT
,15,1,,1205,UNIT
,15,1,,1207,UNIT
,15,1,,1303,UNIT
,15,1,,1806,UNIT
,15,1,,1809,UNIT
,15,1,,1901,UNIT
,15,1,,206,UNIT
,15,1,,207,UNIT
,15,1,,208,UNIT
,15,1,,210,UNIT
,15,1,,603,UNIT
,15,1,,607,UNIT
,15,1,,706,UNIT
,15,1,,805,UNIT
,15,1,,809,UNIT
,15,1,,907,UNIT
,15,1,,"OFFICE 2",UNIT
,15,1,,1307,UNIT
,15,1,,1501,UNIT
,15,1,,1503,UNIT
,15,1,,502,UNIT
,15,1,,B2SR-05,UNIT
,15,1,,SHOP08,UNIT
,15,1,,1003,UNIT
,15,1,,1006,UNIT
,15,1,,1010,UNIT
,15,1,,1102,UNIT
,15,1,,1208,UNIT
,15,1,,1708,UNIT
,15,1,,1710,UNIT
,15,1,,1803,UNIT
,15,1,,1807,UNIT
,15,1,,211,UNIT
,15,1,,307,UNIT
,15,1,,703,UNIT
,15,1,,704,UNIT
,15,1,,808,UNIT
,15,1,,810,UNIT
,15,1,,904,UNIT
,15,1,,911,UNIT
,15,1,,"OFFICE 1",UNIT
,15,1,,1308,UNIT
,15,1,,1407,UNIT
,15,1,,1408,UNIT
,15,1,,1411,UNIT
,15,1,,1509,UNIT
,15,1,,1605,UNIT
,15,1,,1610,UNIT
,15,1,,310,UNIT
,15,1,,403,UNIT
,15,1,,404,UNIT
,15,1,,503,UNIT
,15,1,,SHOP05,UNIT
,15,1,,"OFFICE 4",UNIT
,15,1,,1002,UNIT
,15,1,,1004,UNIT
,15,1,,1011,UNIT
,15,1,,1101,UNIT
,15,1,,1105,UNIT
,15,1,,1203,UNIT
,15,1,,1301,UNIT
,15,1,,1801,UNIT
,15,1,,1808,UNIT
,15,1,,1810,UNIT
,15,1,,1906,UNIT
,15,1,,1911,UNIT
,15,1,,209,UNIT
,15,1,,302,UNIT
,15,1,,308,UNIT
,15,1,,605,UNIT
,15,1,,702,UNIT
,15,1,,705,UNIT
,15,1,,711,UNIT
,15,1,,903,UNIT
,15,1,,905,UNIT
,15,1,,906,UNIT
,15,1,,1402,UNIT
,15,1,,1604,UNIT
,15,1,,1703,UNIT
,15,1,,311,UNIT
,15,1,,407,UNIT
,15,1,,504,UNIT
,15,1,,510,UNIT
,15,1,,B2SR-01,UNIT
,15,1,,B2SR-03,UNIT
,15,1,,B2SR-06,UNIT
,15,1,,B1SR-01,UNIT
,15,1,,SHOP02,UNIT
,15,1,,SHOP07,UNIT
,15,1,,1001,UNIT
,15,1,,1108,UNIT
,15,1,,1110,UNIT
,15,1,,1304,UNIT
,15,1,,1305,UNIT
,15,1,,1802,UNIT
,15,1,,1804,UNIT
,15,1,,1805,UNIT
,15,1,,1903,UNIT
,15,1,,1909,UNIT
,15,1,,606,UNIT
,15,1,,608,UNIT
,15,1,,710,UNIT
,15,1,,902,UNIT
,15,1,,908,UNIT
,15,1,,1310,UNIT
,15,1,,1311,UNIT
,15,1,,1404,UNIT
,15,1,,1504,UNIT
,15,1,,1505,UNIT
,15,1,,1511,UNIT
,15,1,,1603,UNIT
,15,1,,1606,UNIT
,15,1,,509,UNIT
,15,1,,B1SR-08,UNIT
,15,1,,B1SR-02,UNIT
,15,1,,SHOP03,UNIT
,15,1,,SHOP06,UNIT
,15,1,,1103,UNIT
,15,1,,1104,UNIT
,15,1,,1210,UNIT
,15,1,,1211,UNIT
,15,1,,1709,UNIT
,15,1,,1910,UNIT
,15,1,,203,UNIT
,15,1,,204,UNIT
,15,1,,305,UNIT
,15,1,,610,UNIT
,15,1,,701,UNIT
,15,1,,707,UNIT
,15,1,,1309,UNIT
,15,1,,1409,UNIT
,15,1,,1410,UNIT
,15,1,,1608,UNIT
,15,1,,1707,UNIT
,15,1,,402,UNIT
,15,1,,406,UNIT
,15,1,,408,UNIT
,15,1,,411,UNIT
,15,1,,501,UNIT
,15,1,,507,UNIT
,15,1,,B1SR-06,UNIT
,15,1,,B1SR-04,UNIT
,15,1,,SHOP04,UNIT
,15,1,,1106,UNIT
,15,1,,1204,UNIT
,15,1,,202,UNIT
,15,1,,609,UNIT
,15,1,,611,UNIT
,15,1,,802,UNIT
,15,1,,803,UNIT
,15,1,,909,UNIT
,15,1,,910,UNIT
,15,1,,1406,UNIT
,15,1,,1602,UNIT
,15,1,,1607,UNIT
,15,1,,1701,UNIT
,15,1,,1704,UNIT
,15,1,,505,UNIT
,15,1,,511,UNIT
,15,1,,B2SR-02,UNIT
,15,1,,B1SR-07,UNIT
,15,1,,SHOP01,UNIT
,15,1,,1109,UNIT
,15,1,,1209,UNIT
,15,1,,1302,UNIT
,15,1,,1711,UNIT
,15,1,,1811,UNIT
,15,1,,1902,UNIT
,15,1,,1904,UNIT
,15,1,,1907,UNIT
,15,1,,1908,UNIT
,15,1,,201,UNIT
,15,1,,303,UNIT
,15,1,,604,UNIT
,15,1,,801,UNIT
,15,1,,806,UNIT
,15,1,,807,UNIT
,15,1,,901,UNIT
,15,1,,"OFFICE 3",UNIT
,15,1,,1306,UNIT
,15,1,,1403,UNIT
,15,1,,1508,UNIT
,15,1,,1510,UNIT
,15,1,,1601,UNIT
,15,1,,1609,UNIT
,15,1,,1611,UNIT
,15,1,,1702,UNIT
,15,1,,1705,UNIT
,15,1,,1706,UNIT
,15,1,,309,UNIT
,15,1,,405,UNIT
,15,1,,410,UNIT
,15,1,,506,UNIT
,15,1,,508,UNIT
,15,1,,B1SR-05,UNIT
,15,1,,B2SR-04,UNIT
,15,1,,1SR-01,UNIT
,15,1,,1007,UNIT
,15,1,,1111,UNIT
,15,1,,1201,UNIT
,15,1,,1202,UNIT
,15,1,,1206,UNIT
,15,1,,1905,UNIT
,15,1,,205,UNIT
,15,1,,301,UNIT
,15,1,,304,UNIT
,15,1,,306,UNIT
,15,1,,602,UNIT
,15,1,,708,UNIT
,15,1,,709,UNIT
,15,1,,804,UNIT
,15,1,,811,UNIT
,15,1,,1401,UNIT
,15,1,,1405,UNIT
,15,1,,1502,UNIT
,15,1,,1506,UNIT
,15,1,,1507,UNIT
,15,1,,401,UNIT
,15,1,,409,UNIT
,15,1,,601,UNIT
,15,1,,B1SR-03,UNIT
,16,1,,106,UNIT
,16,1,,202,UNIT
,16,1,,301,UNIT
,16,1,,310,UNIT
,16,1,,404,UNIT
,16,1,,410,UNIT
,16,1,,412,UNIT
,16,1,,414,UNIT
,16,1,,416,UNIT
,16,1,,419,UNIT
,16,1,,420,UNIT
,16,1,,501,UNIT
,16,1,,503,UNIT
,16,1,,508,UNIT
,16,1,,509,UNIT
,16,1,,611,UNIT
,16,1,,617,UNIT
,16,1,,G-100,UNIT
,16,1,,103,UNIT
,16,1,,104,UNIT
,16,1,,117,UNIT
,16,1,,201,UNIT
,16,1,,205,UNIT
,16,1,,207,UNIT
,16,1,,216,UNIT
,16,1,,219,UNIT
,16,1,,401,UNIT
,16,1,,402,UNIT
,16,1,,504,UNIT
,16,1,,512,UNIT
,16,1,,603,UNIT
,16,1,,616,UNIT
,16,1,,619,UNIT
,16,1,,112,UNIT
,16,1,,119,UNIT
,16,1,,120,UNIT
,16,1,,203,UNIT
,16,1,,204,UNIT
,16,1,,306,UNIT
,16,1,,315,UNIT
,16,1,,320,UNIT
,16,1,,405,UNIT
,16,1,,407,UNIT
,16,1,,409,UNIT
,16,1,,413,UNIT
,16,1,,417,UNIT
,16,1,,516,UNIT
,16,1,,519,UNIT
,16,1,,604,UNIT
,16,1,,605,UNIT
,16,1,,606,UNIT
,16,1,,620,UNIT
,16,1,,105,UNIT
,16,1,,109,UNIT
,16,1,,116,UNIT
,16,1,,208,UNIT
,16,1,,212,UNIT
,16,1,,215,UNIT
,16,1,,304,UNIT
,16,1,,316,UNIT
,16,1,,411,UNIT
,16,1,,507,UNIT
,16,1,,510,UNIT
,16,1,,518,UNIT
,16,1,,108,UNIT
,16,1,,211,UNIT
,16,1,,302,UNIT
,16,1,,305,UNIT
,16,1,,309,UNIT
,16,1,,318,UNIT
,16,1,,406,UNIT
,16,1,,415,UNIT
,16,1,,513,UNIT
,16,1,,517,UNIT
,16,1,,607,UNIT
,16,1,,102,UNIT
,16,1,,107,UNIT
,16,1,,118,UNIT
,16,1,,206,UNIT
,16,1,,209,UNIT
,16,1,,214,UNIT
,16,1,,307,UNIT
,16,1,,311,UNIT
,16,1,,312,UNIT
,16,1,,314,UNIT
,16,1,,317,UNIT
,16,1,,408,UNIT
,16,1,,418,UNIT
,16,1,,514,UNIT
,16,1,,520,UNIT
,16,1,,602,UNIT
,16,1,,609,UNIT
,16,1,,612,UNIT
,16,1,,614,UNIT
,16,1,,615,UNIT
,16,1,,110,UNIT
,16,1,,113,UNIT
,16,1,,114,UNIT
,16,1,,115,UNIT
,16,1,,210,UNIT
,16,1,,213,UNIT
,16,1,,217,UNIT
,16,1,,218,UNIT
,16,1,,303,UNIT
,16,1,,313,UNIT
,16,1,,502,UNIT
,16,1,,505,UNIT
,16,1,,511,UNIT
,16,1,,608,UNIT
,16,1,,610,UNIT
,16,1,,613,UNIT
,16,1,,618,UNIT
,16,1,,G-102,UNIT
,16,1,,101,UNIT
,16,1,,111,UNIT
,16,1,,220,UNIT
,16,1,,308,UNIT
,16,1,,319,UNIT
,16,1,,403,UNIT
,16,1,,506,UNIT
,16,1,,515,UNIT
,16,1,,601,UNIT
,17,1,,3010,UNIT
,17,1,,703,UNIT
,17,1,,2505,UNIT
,17,1,,303,UNIT
,17,1,,2805,UNIT
,17,1,,2603,UNIT
,17,1,,2605,UNIT
,17,1,,2711,UNIT
,17,1,,2716,UNIT
,17,1,,2902,UNIT
,17,1,,2104,UNIT
,17,1,,901,UNIT
,17,1,,705,UNIT
,17,1,,2809,UNIT
,17,1,,1104,UNIT
,17,1,,1006,UNIT
,17,1,,104,UNIT
,17,1,,1105,UNIT
,17,1,,2904,UNIT
,17,1,,1204,UNIT
,17,1,,1805,UNIT
,17,1,,1606,UNIT
,17,1,,1406,UNIT
,17,1,,404,UNIT
,17,1,,2517,UNIT
,17,1,,2709,UNIT
,17,1,,506,UNIT
,17,1,,2504,UNIT
,17,1,,2515,UNIT
,17,1,,2301,UNIT
,17,1,,2918,UNIT
,17,1,,2412,UNIT
,17,1,,3007,UNIT
,17,1,,2804,UNIT
,17,1,,B5-75,UNIT
,17,1,,B4-39,UNIT
,17,1,,B4-77,UNIT
,17,1,,P3-5,UNIT
,17,1,,B5-69,UNIT
,17,1,,B5-108,UNIT
,17,1,,B5-112,UNIT
,17,1,,B4-83,UNIT
,17,1,,B4-103,UNIT
,17,1,,B3-107,UNIT
,17,1,,B5-48,UNIT
,17,1,,B3-110,UNIT
,17,1,,B5-47,UNIT
,17,1,,B5-64,UNIT
,17,1,,B5-98,UNIT
,17,1,,B5-101,UNIT
,17,1,,B4-5,UNIT
,17,1,,B3-18,UNIT
,17,1,,B5-25,UNIT
,17,1,,B5-58,UNIT
,17,1,,B5-111,UNIT
,17,1,,B4-3,UNIT
,17,1,,B4-19,UNIT
,17,1,,B5-9,UNIT
,17,1,,B5-67,UNIT
,17,1,,B4-2,UNIT
,17,1,,B4-27,UNIT
,17,1,,B4-122,UNIT
,17,1,,B3-13,UNIT
,17,1,,B2-110,UNIT
,17,1,,B4-99,UNIT
,17,1,,B4-128,UNIT
,17,1,,B3-106,UNIT
,17,1,,B5-31,UNIT
,17,1,,B5-52,UNIT
,17,1,,B4-6,UNIT
,17,1,,B4-29,UNIT
,17,1,,B4-79,UNIT
,17,1,,B5-20,UNIT
,17,1,,2202,UNIT
,17,1,,RT-3,UNIT
,17,1,,103,UNIT
,17,1,,2204,UNIT
,17,1,,2411,UNIT
,17,1,,905,UNIT
,17,1,,2702,UNIT
,17,1,,2905,UNIT
,17,1,,602,UNIT
,17,1,,2610,UNIT
,17,1,,3005,UNIT
,17,1,,2316,UNIT
,17,1,,2513,UNIT
,17,1,,1604,UNIT
,17,1,,1101,UNIT
,17,1,,2807,UNIT
,17,1,,2414,UNIT
,17,1,,1106,UNIT
,17,1,,2312,UNIT
,17,1,,1303,UNIT
,17,1,,2506,UNIT
,17,1,,2001,UNIT
,17,1,,2806,UNIT
,17,1,,2509,UNIT
,17,1,,1503,UNIT
,17,1,,2705,UNIT
,17,1,,1403,UNIT
,17,1,,2203,UNIT
,17,1,,3011,UNIT
,17,1,,2701,UNIT
,17,1,,1804,UNIT
,17,1,,1306,UNIT
,17,1,,1205,UNIT
,17,1,,B5-30,UNIT
,17,1,,B5-41,UNIT
,17,1,,B5-97,UNIT
,17,1,,B4-7,UNIT
,17,1,,B4-54,UNIT
,17,1,,B4-70,UNIT
,17,1,,B4-101,UNIT
,17,1,,B4-132,UNIT
,17,1,,B3-20,UNIT
,17,1,,B3-40,UNIT
,17,1,,B3-119,UNIT
,17,1,,B5-71,UNIT
,17,1,,B5-105,UNIT
,17,1,,B5-134,UNIT
,17,1,,B4-13,UNIT
,17,1,,B4-40,UNIT
,17,1,,B4-41,UNIT
,17,1,,B4-135,UNIT
,17,1,,P3-83,UNIT
,17,1,,B5-63,UNIT
,17,1,,B5-107,UNIT
,17,1,,B4-31,UNIT
,17,1,,B4-47,UNIT
,17,1,,B4-76,UNIT
,17,1,,B4-108,UNIT
,17,1,,B4-119,UNIT
,17,1,,B4-124,UNIT
,17,1,,B3-117,UNIT
,17,1,,B5-91,UNIT
,17,1,,B5-104,UNIT
,17,1,,B4-23,UNIT
,17,1,,B4-32,UNIT
,17,1,,B4-65,UNIT
,17,1,,B3-25,UNIT
,17,1,,P3-62,UNIT
,17,1,,B5-95,UNIT
,17,1,,B4-35,UNIT
,17,1,,B4-36,UNIT
,17,1,,B4-120,UNIT
,17,1,,P3-3,UNIT
,17,1,,B3-118,UNIT
,17,1,,B5-19,UNIT
,17,1,,B5-89,UNIT
,17,1,,B5-119,UNIT
,17,1,,B4-25,UNIT
,17,1,,B4-38,UNIT
,17,1,,G-02,UNIT
,17,1,,B5-10,UNIT
,17,1,,B5-29,UNIT
,17,1,,B5-65,UNIT
,17,1,,B5-116,UNIT
,17,1,,B4-130,UNIT
,17,1,,2507,UNIT
,17,1,,2817,UNIT
,17,1,,201,UNIT
,17,1,,2313,UNIT
,17,1,,2816,UNIT
,17,1,,1202,UNIT
,17,1,,1201,UNIT
,17,1,,3017,UNIT
,17,1,,2317,UNIT
,17,1,,1902,UNIT
,17,1,,204,UNIT
,17,1,,2201,UNIT
,17,1,,2912,UNIT
,17,1,,2617,UNIT
,17,1,,2502,UNIT
,17,1,,2302,UNIT
,17,1,,2615,UNIT
,17,1,,101,UNIT
,17,1,,2405,UNIT
,17,1,,1706,UNIT
,17,1,,1206,UNIT
,17,1,,2703,UNIT
,17,1,,601,UNIT
,17,1,,704,UNIT
,17,1,,405,UNIT
,17,1,,2713,UNIT
,17,1,,2511,UNIT
,17,1,,1802,UNIT
,17,1,,1601,UNIT
,17,1,,1603,UNIT
,17,1,,2510,UNIT
,17,1,,2814,UNIT
,17,1,,802,UNIT
,17,1,,2815,UNIT
,17,1,,2714,UNIT
,17,1,,2308,UNIT
,17,1,,2102,UNIT
,17,1,,2917,UNIT
,17,1,,1302,UNIT
,17,1,,2311,UNIT
,17,1,,502,UNIT
,17,1,,3015,UNIT
,17,1,,1701,UNIT
,17,1,,B4-44,UNIT
,17,1,,B4-133,UNIT
,17,1,,B3-19,UNIT
,17,1,,B5-50,UNIT
,17,1,,B5-56,UNIT
,17,1,,B5-66,UNIT
,17,1,,B5-106,UNIT
,17,1,,B5-125,UNIT
,17,1,,B5-132,UNIT
,17,1,,B4-55,UNIT
,17,1,,B4-78,UNIT
,17,1,,B4-97,UNIT
,17,1,,B4-10,UNIT
,17,1,,B3-95,UNIT
,17,1,,P3-8,UNIT
,17,1,,B5-11,UNIT
,17,1,,B5-73,UNIT
,17,1,,B4-117,UNIT
,17,1,,B4-126,UNIT
,17,1,,B3-26,UNIT
,17,1,,B5-46,UNIT
,17,1,,B5-61,UNIT
,17,1,,B5-103,UNIT
,17,1,,B5-118,UNIT
,17,1,,B5-126,UNIT
,17,1,,B4-82,UNIT
,17,1,,B4-107,UNIT
,17,1,,B4-129,UNIT
,17,1,,B4-137,UNIT
,17,1,,G-01,UNIT
,17,1,,B5-115,UNIT
,17,1,,B5-128,UNIT
,17,1,,B4-62,UNIT
,17,1,,B5-129,UNIT
,17,1,,B4-4,UNIT
,17,1,,B4-138,UNIT
,17,1,,B3-39,UNIT
,17,1,,P3-16,UNIT
,17,1,,B5-28,UNIT
,17,1,,B5-68,UNIT
,17,1,,B4-64,UNIT
,17,1,,B3-27,UNIT
,17,1,,B3-70,UNIT
,17,1,,B5-1,UNIT
,17,1,,2309,UNIT
,17,1,,2708,UNIT
,17,1,,2306,UNIT
,17,1,,3003,UNIT
,17,1,,906,UNIT
,17,1,,2911,UNIT
,17,1,,205,UNIT
,17,1,,1005,UNIT
,17,1,,1504,UNIT
,17,1,,1505,UNIT
,17,1,,2915,UNIT
,17,1,,903,UNIT
,17,1,,605,UNIT
,17,1,,3013,UNIT
,17,1,,302,UNIT
,17,1,,2401,UNIT
,17,1,,202,UNIT
,17,1,,2413,UNIT
,17,1,,2609,UNIT
,17,1,,2710,UNIT
,17,1,,2503,UNIT
,17,1,,1405,UNIT
,17,1,,2416,UNIT
,17,1,,2907,UNIT
,17,1,,305,UNIT
,17,1,,2310,UNIT
,17,1,,1501,UNIT
,17,1,,1502,UNIT
,17,1,,606,UNIT
,17,1,,701,UNIT
,17,1,,1803,UNIT
,17,1,,1004,UNIT
,17,1,,2307,UNIT
,17,1,,1703,UNIT
,17,1,,904,UNIT
,17,1,,1704,UNIT
,17,1,,2403,UNIT
,17,1,,B5-49,UNIT
,17,1,,B4-80,UNIT
,17,1,,B4-102,UNIT
,17,1,,P3-1,UNIT
,17,1,,B5-84,UNIT
,17,1,,B5-7,UNIT
,17,1,,B5-12,UNIT
,17,1,,B5-100,UNIT
,17,1,,B5-133,UNIT
,17,1,,P3-84,UNIT
,17,1,,B5-86,UNIT
,17,1,,B5-113,UNIT
,17,1,,B4-49,UNIT
,17,1,,B2-112,UNIT
,17,1,,P3-10,UNIT
,17,1,,B5-82,UNIT
,17,1,,B4-75,UNIT
,17,1,,B4-50,UNIT
,17,1,,B4-63,UNIT
,17,1,,B4-110,UNIT
,17,1,,B4-1,UNIT
,17,1,,B4-72,UNIT
,17,1,,B5-44,UNIT
,17,1,,B5-131,UNIT
,17,1,,B4-11,UNIT
,17,1,,B4-12,UNIT
,17,1,,B4-71,UNIT
,17,1,,P3-87,UNIT
,17,1,,B5-18,UNIT
,17,1,,2618,UNIT
,17,1,,2314,UNIT
,17,1,,2516,UNIT
,17,1,,2606,UNIT
,17,1,,2415,UNIT
,17,1,,2613,UNIT
,17,1,,3008,UNIT
,17,1,,2611,UNIT
,17,1,,505,UNIT
,17,1,,2402,UNIT
,17,1,,3002,UNIT
,17,1,,1901,UNIT
,17,1,,2801,UNIT
,17,1,,2906,UNIT
,17,1,,2101,UNIT
,17,1,,2910,UNIT
,17,1,,1003,UNIT
,17,1,,3006,UNIT
,17,1,,2614,UNIT
,17,1,,2407,UNIT
,17,1,,2604,UNIT
,17,1,,1305,UNIT
,17,1,,1301,UNIT
,17,1,,2518,UNIT
,17,1,,2305,UNIT
,17,1,,2410,UNIT
,17,1,,2712,UNIT
,17,1,,3004,UNIT
,17,1,,2803,UNIT
,17,1,,306,UNIT
,17,1,,603,UNIT
,17,1,,2318,UNIT
,17,1,,902,UNIT
,17,1,,1506,UNIT
,17,1,,1806,UNIT
,17,1,,501,UNIT
,17,1,,B5-96,UNIT
,17,1,,B2-94,UNIT
,17,1,,P3-86,UNIT
,17,1,,P3-88,UNIT
,17,1,,B5-23,UNIT
,17,1,,B5-27,UNIT
,17,1,,B4-59,UNIT
,17,1,,B4-85,UNIT
,17,1,,B4-105,UNIT
,17,1,,B5-135,UNIT
,17,1,,B4-26,UNIT
,17,1,,B4-28,UNIT
,17,1,,B4-42,UNIT
,17,1,,B4-51,UNIT
,17,1,,B4-100,UNIT
,17,1,,B4-118,UNIT
,17,1,,B5-17,UNIT
,17,1,,B5-33,UNIT
,17,1,,B5-109,UNIT
,17,1,,B4-21,UNIT
,17,1,,B4-48,UNIT
,17,1,,B3-24,UNIT
,17,1,,B5-54,UNIT
,17,1,,B5-72,UNIT
,17,1,,B5-90,UNIT
,17,1,,B4-34,UNIT
,17,1,,B4-73,UNIT
,17,1,,B3-108,UNIT
,17,1,,P3-6,UNIT
,17,1,,B4-86,UNIT
,17,1,,B4-94,UNIT
,17,1,,P3-2,UNIT
,17,1,,B5-87,UNIT
,17,1,,B4-61,UNIT
,17,1,,B1-130,UNIT
,17,1,,B5-51,UNIT
,17,1,,B4-116,UNIT
,17,1,,B4-136,UNIT
,17,1,,P3-11,UNIT
,17,1,,P3-85,UNIT
,17,1,,B5-13,UNIT
,17,1,,604,UNIT
,17,1,,3014,UNIT
,17,1,,803,UNIT
,17,1,,2418,UNIT
,17,1,,2004,UNIT
,17,1,,1404,UNIT
,17,1,,706,UNIT
,17,1,,401,UNIT
,17,1,,2304,UNIT
,17,1,,503,UNIT
,17,1,,1203,UNIT
,17,1,,3001,UNIT
,17,1,,3018,UNIT
,17,1,,2607,UNIT
,17,1,,102,UNIT
,17,1,,304,UNIT
,17,1,,2501,UNIT
,17,1,,2818,UNIT
,17,1,,2718,UNIT
,17,1,,504,UNIT
,17,1,,2514,UNIT
,17,1,,2706,UNIT
,17,1,,1903,UNIT
,17,1,,3009,UNIT
,17,1,,2404,UNIT
,17,1,,2707,UNIT
,17,1,,2417,UNIT
,17,1,,2303,UNIT
,17,1,,2315,UNIT
,17,1,,2813,UNIT
,17,1,,806,UNIT
,17,1,,2901,UNIT
,17,1,,2003,UNIT
,17,1,,B5-59,UNIT
,17,1,,B5-74,UNIT
,17,1,,B5-80,UNIT
,17,1,,B5-99,UNIT
,17,1,,B5-110,UNIT
,17,1,,B4-66,UNIT
,17,1,,B4-87,UNIT
,17,1,,P3-13,UNIT
,17,1,,B5-77,UNIT
,17,1,,B5-78,UNIT
,17,1,,B5-5,UNIT
,17,1,,B5-6,UNIT
,17,1,,B5-38,UNIT
,17,1,,B5-88,UNIT
,17,1,,B5-130,UNIT
,17,1,,B4-14,UNIT
,17,1,,B4-127,UNIT
,17,1,,B4-68,UNIT
,17,1,,B4-111,UNIT
,17,1,,B3-116,UNIT
,17,1,,B4-53,UNIT
,17,1,,B4-60,UNIT
,17,1,,B4-69,UNIT
,17,1,,B4-98,UNIT
,17,1,,P3-14,UNIT
,17,1,,B5-2,UNIT
,17,1,,B5-24,UNIT
,17,1,,B5-53,UNIT
,17,1,,B5-70,UNIT
,17,1,,B5-121,UNIT
,17,1,,B4-8,UNIT
,17,1,,B4-20,UNIT
,17,1,,B4-104,UNIT
,17,1,,P3-7,UNIT
,17,1,,B5-26,UNIT
,17,1,,B5-34,UNIT
,17,1,,B4-9,UNIT
,17,1,,B4-89,UNIT
,17,1,,B3-94,UNIT
,17,1,,B5-3,UNIT
,17,1,,B4-106,UNIT
,17,1,,B4-121,UNIT
,17,1,,3012,UNIT
,17,1,,2914,UNIT
,17,1,,2602,UNIT
,17,1,,RT-4,UNIT
,17,1,,1602,UNIT
,17,1,,2608,UNIT
,17,1,,2612,UNIT
,17,1,,203,UNIT
,17,1,,RT-5,UNIT
,17,1,,2916,UNIT
,17,1,,1001,UNIT
,17,1,,403,UNIT
,17,1,,2616,UNIT
,17,1,,702,UNIT
,17,1,,402,UNIT
,17,1,,2812,UNIT
,17,1,,2802,UNIT
,17,1,,2406,UNIT
,17,1,,1801,UNIT
,17,1,,RT-2,UNIT
,17,1,,2717,UNIT
,17,1,,2913,UNIT
,17,1,,2508,UNIT
,17,1,,1002,UNIT
,17,1,,1705,UNIT
,17,1,,804,UNIT
,17,1,,2512,UNIT
,17,1,,2810,UNIT
,17,1,,1304,UNIT
,17,1,,B5-55,UNIT
,17,1,,B5-76,UNIT
,17,1,,B5-93,UNIT
,17,1,,B5-123,UNIT
,17,1,,B4-134,UNIT
,17,1,,B4-45,UNIT
,17,1,,B4-112,UNIT
,17,1,,B3-21,UNIT
,17,1,,P3-9,UNIT
,17,1,,B5-62,UNIT
,17,1,,B4-30,UNIT
,17,1,,B4-67,UNIT
,17,1,,B4-96,UNIT
,17,1,,B5-79,UNIT
,17,1,,B5-127,UNIT
,17,1,,B4-74,UNIT
,17,1,,B4-95,UNIT
,17,1,,B5-22,UNIT
,17,1,,B4-123,UNIT
,17,1,,P3-12,UNIT
,17,1,,P3-66,UNIT
,17,1,,B5-57,UNIT
,17,1,,B5-122,UNIT
,17,1,,B4-93,UNIT
,17,1,,B5-32,UNIT
,17,1,,B4-125,UNIT
,17,1,,B5-35,UNIT
,17,1,,B5-83,UNIT
,17,1,,B5-114,UNIT
,17,1,,B5-124,UNIT
,17,1,,B4-88,UNIT
,17,1,,B3-22,UNIT
,17,1,,2903,UNIT
,17,1,,2811,UNIT
,17,1,,1702,UNIT
,17,1,,2408,UNIT
,17,1,,406,UNIT
,17,1,,301,UNIT
,17,1,,2704,UNIT
,17,1,,801,UNIT
,17,1,,1103,UNIT
,17,1,,RT-1,UNIT
,17,1,,1904,UNIT
,17,1,,1605,UNIT
,17,1,,206,UNIT
,17,1,,2601,UNIT
,17,1,,2715,UNIT
,17,1,,2908,UNIT
,17,1,,1102,UNIT
,17,1,,2808,UNIT
,17,1,,2409,UNIT
,17,1,,3016,UNIT
,17,1,,2909,UNIT
,17,1,,2103,UNIT
,17,1,,805,UNIT
,17,1,,1401,UNIT
,17,1,,1402,UNIT
,17,1,,2002,UNIT
,17,1,,B5-60,UNIT
,17,1,,B4-52,UNIT
,17,1,,B3-23,UNIT
,17,1,,B3-109,UNIT
,17,1,,B1-54,UNIT
,17,1,,B4-46,UNIT
,17,1,,B4-81,UNIT
,17,1,,B5-37,UNIT
,17,1,,B5-81,UNIT
,17,1,,B5-136,UNIT
,17,1,,B4-18,UNIT
,17,1,,B4-22,UNIT
,17,1,,B4-56,UNIT
,17,1,,P3-61,UNIT
,17,1,,B5-43,UNIT
,17,1,,B5-102,UNIT
,17,1,,B4-37,UNIT
,17,1,,B4-58,UNIT
,17,1,,B5-94,UNIT
,17,1,,B4-131,UNIT
,17,1,,B3-71,UNIT
,17,1,,B5-4,UNIT
,17,1,,B5-14,UNIT
,17,1,,B5-36,UNIT
,17,1,,B5-40,UNIT
,17,1,,B5-42,UNIT
,17,1,,B5-85,UNIT
,17,1,,B5-92,UNIT
,17,1,,B4-24,UNIT
,17,1,,B4-43,UNIT
,17,1,,B4-84,UNIT
,17,1,,B4-90,UNIT
,17,1,,B4-92,UNIT
,17,1,,B4-109,UNIT
,17,1,,B5-8,UNIT
,17,1,,B5-21,UNIT
,17,1,,B5-39,UNIT
,17,1,,B5-120,UNIT
,17,1,,B4-91,UNIT
,17,1,,P3-4,UNIT
,17,1,,B5-45,UNIT
,17,1,,B4-33,UNIT
,17,1,,B4-57,UNIT
,17,1,,B3-28,UNIT
,17,1,,B3-120,UNIT
,17,1,,P3-15,UNIT
,1,1,,R03,UNIT
,2,1,,G05,UNIT
,19,1,,112,UNIT
,19,1,,104,UNIT
,19,1,,208,UNIT
,19,1,,206,UNIT
,19,1,,507,UNIT
,19,1,,512,UNIT
,19,1,,G011,UNIT
,19,1,,409,UNIT
,19,1,,108,UNIT
,19,1,,506,UNIT
,19,1,,G002,UNIT
,19,1,,G005,UNIT
,19,1,,G015,UNIT
,19,1,,G010,UNIT
,19,1,,103,UNIT
,19,1,,106,UNIT
,19,1,,211,UNIT
,19,1,,G004,UNIT
,19,1,,301,UNIT
,19,1,,515,UNIT
,19,1,,508,UNIT
,19,1,,307,UNIT
,19,1,,405,UNIT
,19,1,,201,UNIT
,19,1,,212,UNIT
,19,1,,204,UNIT
,19,1,,505,UNIT
,19,1,,306,UNIT
,19,1,,G014,UNIT
,19,1,,305,UNIT
,19,1,,408,UNIT
,19,1,,115,UNIT
,19,1,,412,UNIT
,19,1,,G001,UNIT
,19,1,,G012,UNIT
,19,1,,415,UNIT
,19,1,,312,UNIT
,19,1,,403,UNIT
,19,1,,102,UNIT
,19,1,,203,UNIT
,19,1,,213,UNIT
,19,1,,210,UNIT
,19,1,,413,UNIT
,19,1,,502,UNIT
,19,1,,302,UNIT
,19,1,,G007,UNIT
,19,1,,G008,UNIT
,19,1,,111,UNIT
,19,1,,107,UNIT
,19,1,,202,UNIT
,19,1,,411,UNIT
,19,1,,214,UNIT
,19,1,,209,UNIT
,19,1,,215,UNIT
,19,1,,503,UNIT
,19,1,,G009,UNIT
,19,1,,303,UNIT
,19,1,,311,UNIT
,19,1,,315,UNIT
,19,1,,404,UNIT
,19,1,,410,UNIT
,19,1,,101,UNIT
,19,1,,105,UNIT
,19,1,,207,UNIT
,19,1,,205,UNIT
,19,1,,501,UNIT
,19,1,,504,UNIT
,19,1,,511,UNIT
,19,1,,G003,UNIT
,19,1,,414,UNIT
,19,1,,G006,UNIT
,19,1,,G013,UNIT
,19,1,,R1,UNIT
,19,1,,304,UNIT
,19,1,,308,UNIT
,19,1,,401,UNIT
,19,1,,402,UNIT
,19,1,,406,UNIT
,19,1,,407,UNIT
,21,3,,407M,UNIT
,18,1,,SHOP-04,UNIT
,18,1,,B-21,UNIT
,18,1,,OFFICE-101,UNIT
,18,1,,B-24,UNIT
,18,1,,OFFICE-403,UNIT
,18,1,,OFFICE-01,UNIT
,18,1,,OFFICE-203,UNIT
,18,1,,B-23,UNIT
,18,1,,SHOP-03,UNIT
,18,1,,OFFICE-202,UNIT
,18,1,,SHOP-02,UNIT
,18,1,,OFFICE-102,UNIT
,18,1,,OFFICE-302,UNIT
,18,1,,OFFICE-401,UNIT
,18,1,,SHOP-01,UNIT
,18,1,,OFFICE-402,UNIT
,18,1,,OFFICE-02,UNIT
,18,1,,B-22,UNIT
4,1,1,AAAAAAAA,sdsad101,Flat
4,2,2,AAAAAAAA,sdsad101,Flat
4,1,1,AAAAAAAA,sdsad101,Flat
5,1,1,AAAAAAAA,sdsad101,Flat
